{
  "DBSCAN_default": {
    "avg_time": 0.08785820007324219,
    "std_time": 0.00657968537256247,
    "min_time": 0.07896804809570312,
    "max_time": 0.09589004516601562,
    "avg_memory": 1097859072.0,
    "peak_memory": "1097859072",
    "times": [
      0.09273910522460938,
      0.07896804809570312,
      0.09037470817565918,
      0.09589004516601562,
      0.08131909370422363
    ],
    "memories": [
      1097859072,
      1097859072,
      1097859072,
      1097859072,
      1097859072
    ],
    "total_clusters": 0,
    "noise_points": 1000,
    "clustered_entries": 0,
    "clustering_ratio": 0.0
  },
  "DBSCAN_tight": {
    "avg_time": 0.08930563926696777,
    "std_time": 0.007448695006759099,
    "min_time": 0.0818021297454834,
    "max_time": 0.10175418853759766,
    "avg_memory": 1097859072.0,
    "peak_memory": "1097859072",
    "times": [
      0.10175418853759766,
      0.0938720703125,
      0.08472299575805664,
      0.0818021297454834,
      0.08437681198120117
    ],
    "memories": [
      1097859072,
      1097859072,
      1097859072,
      1097859072,
      1097859072
    ],
    "total_clusters": 0,
    "noise_points": 1000,
    "clustered_entries": 0,
    "clustering_ratio": 0.0
  },
  "DBSCAN_loose": {
    "avg_time": 0.08424224853515624,
    "std_time": 0.007516286804937956,
    "min_time": 0.07756614685058594,
    "max_time": 0.09814715385437012,
    "avg_memory": 1097859072.0,
    "peak_memory": "1097859072",
    "times": [
      0.08442997932434082,
      0.09814715385437012,
      0.07756614685058594,
      0.0834510326385498,
      0.07761693000793457
    ],
    "memories": [
      1097859072,
      1097859072,
      1097859072,
      1097859072,
      1097859072
    ],
    "total_clusters": 0,
    "noise_points": 1000,
    "clustered_entries": 0,
    "clustering_ratio": 0.0
  }
}
