{
  "eps_0.1_min_samples_3": {
    "eps": 0.1,
    "min_samples": 3,
    "avg_time": 0.08455832799275716,
    "std_time": 0.004198402637973685,
    "avg_memory": 1091190784.0,
    "peak_memory": "1091190784",
    "avg_clusters": 0.0,
    "std_clusters": 0.0
  },
  "eps_0.1_min_samples_5": {
    "eps": 0.1,
    "min_samples": 5,
    "avg_time": 0.07783222198486328,
    "std_time": 0.0033881745784499436,
    "avg_memory": 1091190784.0,
    "peak_memory": "1091190784",
    "avg_clusters": 0.0,
    "std_clusters": 0.0
  },
  "eps_0.1_min_samples_10": {
    "eps": 0.1,
    "min_samples": 10,
    "avg_time": 0.08527159690856934,
    "std_time": 0.00032465362580204153,
    "avg_memory": 1091190784.0,
    "peak_memory": "1091190784",
    "avg_clusters": 0.0,
    "std_clusters": 0.0
  },
  "eps_0.1_min_samples_15": {
    "eps": 0.1,
    "min_samples": 15,
    "avg_time": 0.08830531438191731,
    "std_time": 0.004188835702254324,
    "avg_memory": 1091250858.6666667,
    "peak_memory": "1091371008",
    "avg_clusters": 0.0,
    "std_clusters": 0.0
  },
  "eps_0.1_min_samples_20": {
    "eps": 0.1,
    "min_samples": 20,
    "avg_time": 0.0819239616394043,
    "std_time": 0.001959335265301003,
    "avg_memory": 1093468160.0,
    "peak_memory": "1093468160",
    "avg_clusters": 0.0,
    "std_clusters": 0.0
  },
  "eps_0.3_min_samples_3": {
    "eps": 0.3,
    "min_samples": 3,
    "avg_time": 0.0868840217590332,
    "std_time": 0.008773574653344475,
    "avg_memory": 1093468160.0,
    "peak_memory": "1093468160",
    "avg_clusters": 0.0,
    "std_clusters": 0.0
  },
  "eps_0.3_min_samples_5": {
    "eps": 0.3,
    "min_samples": 5,
    "avg_time": 0.08190735181172688,
    "std_time": 0.003824982765701396,
    "avg_memory": 1093468160.0,
    "peak_memory": "1093468160",
    "avg_clusters": 0.0,
    "std_clusters": 0.0
  },
  "eps_0.3_min_samples_10": {
    "eps": 0.3,
    "min_samples": 10,
    "avg_time": 0.0885912577311198,
    "std_time": 0.002484320719680746,
    "avg_memory": 1093473621.3333333,
    "peak_memory": "1093484544",
    "avg_clusters": 0.0,
    "std_clusters": 0.0
  },
  "eps_0.3_min_samples_15": {
    "eps": 0.3,
    "min_samples": 15,
    "avg_time": 0.09415213267008464,
    "std_time": 0.012056470677880562,
    "avg_memory": 1093484544.0,
    "peak_memory": "1093484544",
    "avg_clusters": 0.0,
    "std_clusters": 0.0
  },
  "eps_0.3_min_samples_20": {
    "eps": 0.3,
    "min_samples": 20,
    "avg_time": 0.08693337440490723,
    "std_time": 0.004388903169131698,
    "avg_memory": 1093484544.0,
    "peak_memory": "1093484544",
    "avg_clusters": 0.0,
    "std_clusters": 0.0
  },
  "eps_0.5_min_samples_3": {
    "eps": 0.5,
    "min_samples": 3,
    "avg_time": 0.0958549976348877,
    "std_time": 0.005349622353051268,
    "avg_memory": 1093550080.0,
    "peak_memory": "1093550080",
    "avg_clusters": 0.0,
    "std_clusters": 0.0
  },
  "eps_0.5_min_samples_5": {
    "eps": 0.5,
    "min_samples": 5,
    "avg_time": 0.09096105893452962,
    "std_time": 0.00786696116413828,
    "avg_memory": 1094948181.3333333,
    "peak_memory": "1095647232",
    "avg_clusters": 0.0,
    "std_clusters": 0.0
  },
  "eps_0.5_min_samples_10": {
    "eps": 0.5,
    "min_samples": 10,
    "avg_time": 0.08196671803792317,
    "std_time": 0.0025368548736191196,
    "avg_memory": 1095647232.0,
    "peak_memory": "1095647232",
    "avg_clusters": 0.0,
    "std_clusters": 0.0
  },
  "eps_0.5_min_samples_15": {
    "eps": 0.5,
    "min_samples": 15,
    "avg_time": 0.08387255668640137,
    "std_time": 0.002982395664799862,
    "avg_memory": 1095647232.0,
    "peak_memory": "1095647232",
    "avg_clusters": 0.0,
    "std_clusters": 0.0
  },
  "eps_0.5_min_samples_20": {
    "eps": 0.5,
    "min_samples": 20,
    "avg_time": 0.08570154507954915,
    "std_time": 0.0080231880824004,
    "avg_memory": 1095696384.0,
    "peak_memory": "1095778304",
    "avg_clusters": 0.0,
    "std_clusters": 0.0
  },
  "eps_0.7_min_samples_3": {
    "eps": 0.7,
    "min_samples": 3,
    "avg_time": 0.08468898137410481,
    "std_time": 0.0021403664184939386,
    "avg_memory": 1095789226.6666667,
    "peak_memory": "1095794688",
    "avg_clusters": 0.0,
    "std_clusters": 0.0
  },
  "eps_0.7_min_samples_5": {
    "eps": 0.7,
    "min_samples": 5,
    "avg_time": 0.09683640797932942,
    "std_time": 0.006323639097332839,
    "avg_memory": 1095800149.3333333,
    "peak_memory": "1095811072",
    "avg_clusters": 0.0,
    "std_clusters": 0.0
  },
  "eps_0.7_min_samples_10": {
    "eps": 0.7,
    "min_samples": 10,
    "avg_time": 0.08090535799662273,
    "std_time": 0.0067821070092965305,
    "avg_memory": 1095794688.0,
    "peak_memory": "1095794688",
    "avg_clusters": 0.0,
    "std_clusters": 0.0
  },
  "eps_0.7_min_samples_15": {
    "eps": 0.7,
    "min_samples": 15,
    "avg_time": 0.07989335060119629,
    "std_time": 0.002998913256373861,
    "avg_memory": 1095750997.3333333,
    "peak_memory": "1095761920",
    "avg_clusters": 0.0,
    "std_clusters": 0.0
  },
  "eps_0.7_min_samples_20": {
    "eps": 0.7,
    "min_samples": 20,
    "avg_time": 0.08667461077372234,
    "std_time": 0.0008322191973515135,
    "avg_memory": 1095712768.0,
    "peak_memory": "1095712768",
    "avg_clusters": 0.0,
    "std_clusters": 0.0
  },
  "eps_0.9_min_samples_3": {
    "eps": 0.9,
    "min_samples": 3,
    "avg_time": 0.07900563875834148,
    "std_time": 0.006838670785379435,
    "avg_memory": 1095712768.0,
    "peak_memory": "1095712768",
    "avg_clusters": 0.0,
    "std_clusters": 0.0
  },
  "eps_0.9_min_samples_5": {
    "eps": 0.9,
    "min_samples": 5,
    "avg_time": 0.086884339650472,
    "std_time": 0.0026633238970077684,
    "avg_memory": 1095723690.6666667,
    "peak_memory": "1095745536",
    "avg_clusters": 0.0,
    "std_clusters": 0.0
  },
  "eps_0.9_min_samples_10": {
    "eps": 0.9,
    "min_samples": 10,
    "avg_time": 0.0807352860768636,
    "std_time": 0.002081490383108027,
    "avg_memory": 1095745536.0,
    "peak_memory": "1095745536",
    "avg_clusters": 0.0,
    "std_clusters": 0.0
  },
  "eps_0.9_min_samples_15": {
    "eps": 0.9,
    "min_samples": 15,
    "avg_time": 0.08258398373921712,
    "std_time": 0.008744902192385632,
    "avg_memory": 1095745536.0,
    "peak_memory": "1095745536",
    "avg_clusters": 0.0,
    "std_clusters": 0.0
  },
  "eps_0.9_min_samples_20": {
    "eps": 0.9,
    "min_samples": 20,
    "avg_time": 0.0901048978169759,
    "std_time": 0.006601621934435351,
    "avg_memory": 1097143637.3333333,
    "peak_memory": "1097842688",
    "avg_clusters": 0.0,
    "std_clusters": 0.0
  }
}
