{
  "size_100": {
    "data_size": 100,
    "avg_time": 0.0832982858022054,
    "std_time": 0.028614740850706692,
    "avg_memory": 291651584.0,
    "peak_memory": "291667968"
  },
  "size_500": {
    "data_size": 500,
    "avg_time": 0.07134230931599934,
    "std_time": 0.00046744961908404926,
    "avg_memory": 308417877.3333333,
    "peak_memory": "315342848"
  },
  "size_1000": {
    "data_size": 1000,
    "avg_time": 0.10207796096801758,
    "std_time": 0.003084313133180985,
    "avg_memory": 348766208.0,
    "peak_memory": "353370112"
  },
  "size_2000": {
    "data_size": 2000,
    "avg_time": 0.23446830113728842,
    "std_time": 0.012394644090955318,
    "avg_memory": 439812096.0,
    "peak_memory": "445841408"
  },
  "size_5000": {
    "data_size": 5000,
    "avg_time": 1.943427324295044,
    "std_time": 0.012269858881286486,
    "avg_memory": 1077324458.6666667,
    "peak_memory": "1091174400"
  }
}
