{
  "size_100": {
    "data_size": 100,
    "avg_time": 0.06062150001525879,
    "std_time": 0.005173472456589256,
    "avg_memory": 600391680.0,
    "peak_memory": "600391680"
  },
  "size_500": {
    "data_size": 500,
    "avg_time": 0.06814638773600261,
    "std_time": 0.0030677691558493297,
    "avg_memory": 600391680.0,
    "peak_memory": "600391680"
  },
  "size_1000": {
    "data_size": 1000,
    "avg_time": 0.10520656903584798,
    "std_time": 0.002112320388058715,
    "avg_memory": 612013397.3333334,
    "peak_memory": "612073472"
  },
  "size_2000": {
    "data_size": 2000,
    "avg_time": 0.22455215454101562,
    "std_time": 0.012177282375424413,
    "avg_memory": 676457130.6666666,
    "peak_memory": "676462592"
  },
  "size_5000": {
    "data_size": 5000,
    "avg_time": 1.943384011586507,
    "std_time": 0.007786407500933669,
    "avg_memory": 1124504917.3333333,
    "peak_memory": "1138491392"
  }
}
