{
  "DBSCAN_default": {
    "avg_time": 0.08718938827514648,
    "std_time": 0.005376513775184619,
    "min_time": 0.07991504669189453,
    "max_time": 0.09417486190795898,
    "avg_memory": 1140955545.6,
    "peak_memory": "1140965376",
    "times": [
      0.08934402465820312,
      0.08198809623718262,
      0.09052491188049316,
      0.07991504669189453,
      0.09417486190795898
    ],
    "memories": [
      1140965376,
      1140965376,
      1140948992,
      1140948992,
      1140948992
    ],
    "total_clusters": 0,
    "noise_points": 1000,
    "clustered_entries": 0,
    "clustering_ratio": 0.0
  },
  "DBSCAN_tight": {
    "avg_time": 0.08781599998474121,
    "std_time": 0.007137839298050389,
    "min_time": 0.08019804954528809,
    "max_time": 0.10130906105041504,
    "avg_memory": 1141342208.0,
    "peak_memory": "1142915072",
    "times": [
      0.08608508110046387,
      0.08019804954528809,
      0.08698177337646484,
      0.10130906105041504,
      0.08450603485107422
    ],
    "memories": [
      1140948992,
      1140948992,
      1140948992,
      1140948992,
      1142915072
    ],
    "total_clusters": 0,
    "noise_points": 1000,
    "clustered_entries": 0,
    "clustering_ratio": 0.0
  },
  "DBSCAN_loose": {
    "avg_time": 0.10033059120178223,
    "std_time": 0.015829372399829324,
    "min_time": 0.0790247917175293,
    "max_time": 0.12160420417785645,
    "avg_memory": 1142915072.0,
    "peak_memory": "1142915072",
    "times": [
      0.0790247917175293,
      0.09876012802124023,
      0.11421990394592285,
      0.12160420417785645,
      0.0880439281463623
    ],
    "memories": [
      1142915072,
      1142915072,
      1142915072,
      1142915072,
      1142915072
    ],
    "total_clusters": 0,
    "noise_points": 1000,
    "clustered_entries": 0,
    "clustering_ratio": 0.0
  }
}
