{
  "encoding_utf-8": {
    "avg_time": 0.22149281501770018,
    "std_time": 0.013070495292812609,
    "avg_memory": 809517056.0,
    "peak_memory": "809517056"
  },
  "encoding_utf-8-sig": {
    "avg_time": 0.22200288772583007,
    "std_time": 0.006456777164628051,
    "avg_memory": 809517056.0,
    "peak_memory": "809517056"
  },
  "encoding_latin-1": {
    "avg_time": 0.21323699951171876,
    "std_time": 0.0022012307305323887,
    "avg_memory": 808887910.4,
    "peak_memory": "809517056"
  },
  "encoding_cp1252": {
    "avg_time": 0.21163101196289064,
    "std_time": 0.0020472643821200245,
    "avg_memory": 808468480.0,
    "peak_memory": "808468480"
  }
}
