{
  "size_100": {
    "data_size": 100,
    "avg_time": 0.04234854380289713,
    "std_time": 0.0005998184800116005,
    "avg_memory": 204849152.0,
    "peak_memory": "204865536"
  },
  "size_500": {
    "data_size": 500,
    "avg_time": 0.0712889830271403,
    "std_time": 0.000507683625457445,
    "avg_memory": 207301290.66666666,
    "peak_memory": "207388672"
  },
  "size_1000": {
    "data_size": 1000,
    "avg_time": 0.10928821563720703,
    "std_time": 0.0024663548918029735,
    "avg_memory": 210638165.33333334,
    "peak_memory": "211025920"
  },
  "size_5000": {
    "data_size": 5000,
    "avg_time": 0.40076430638631183,
    "std_time": 0.0026392411429027283,
    "avg_memory": 241598464.0,
    "peak_memory": "245186560"
  },
  "size_10000": {
    "data_size": 10000,
    "avg_time": 0.766700267791748,
    "std_time": 0.006653248236827448,
    "avg_memory": 281930410.6666667,
    "peak_memory": "283688960"
  }
}