{
  "size_100": {
    "data_size": 100,
    "avg_time": 0.0724352200826009,
    "std_time": 0.005781845706691401,
    "avg_memory": 788365312.0,
    "peak_memory": "788365312"
  },
  "size_500": {
    "data_size": 500,
    "avg_time": 0.13459038734436035,
    "std_time": 0.0013964907588651656,
    "avg_memory": 788365312.0,
    "peak_memory": "788365312"
  },
  "size_1000": {
    "data_size": 1000,
    "avg_time": 0.2233134905497233,
    "std_time": 0.0024172478305982555,
    "avg_memory": 788365312.0,
    "peak_memory": "788365312"
  },
  "size_5000": {
    "data_size": 5000,
    "avg_time": 0.9145658810933431,
    "std_time": 0.005777891078347877,
    "avg_memory": 806010880.0,
    "peak_memory": "806092800"
  },
  "size_10000": {
    "data_size": 10000,
    "avg_time": 1.766584316889445,
    "std_time": 0.008794040588170156,
    "avg_memory": 831717376.0,
    "peak_memory": "831717376"
  }
}
