{
  "size_100": {
    "data_size": 100,
    "avg_time": 0.046367645263671875,
    "std_time": 0.0025024805290640418,
    "avg_memory": 204177408.0,
    "peak_memory": "204177408"
  },
  "size_500": {
    "data_size": 500,
    "avg_time": 0.07510066032409668,
    "std_time": 0.001005073326951657,
    "avg_memory": 206979072.0,
    "peak_memory": "207077376"
  },
  "size_1000": {
    "data_size": 1000,
    "avg_time": 0.11481563250223796,
    "std_time": 0.0035221813329602944,
    "avg_memory": 210621781.33333334,
    "peak_memory": "211140608"
  },
  "size_5000": {
    "data_size": 5000,
    "avg_time": 0.4032653172810872,
    "std_time": 0.00443866228873596,
    "avg_memory": 241724074.66666666,
    "peak_memory": "245284864"
  },
  "size_10000": {
    "data_size": 10000,
    "avg_time": 0.7563265959421793,
    "std_time": 0.009890030257896776,
    "avg_memory": 280401237.3333333,
    "peak_memory": "283459584"
  }
}