{
  "size_100": {
    "data_size": 100,
    "avg_time": 0.07625643412272136,
    "std_time": 0.01153008875980266,
    "avg_memory": 803307520.0,
    "peak_memory": "803307520"
  },
  "size_500": {
    "data_size": 500,
    "avg_time": 0.13445226351420084,
    "std_time": 0.001733006440750958,
    "avg_memory": 803307520.0,
    "peak_memory": "803307520"
  },
  "size_1000": {
    "data_size": 1000,
    "avg_time": 0.2246389389038086,
    "std_time": 0.002938660214100523,
    "avg_memory": 803880960.0,
    "peak_memory": "803880960"
  },
  "size_5000": {
    "data_size": 5000,
    "avg_time": 0.9057311216990153,
    "std_time": 0.004971515181554728,
    "avg_memory": 803880960.0,
    "peak_memory": "803880960"
  },
  "size_10000": {
    "data_size": 10000,
    "avg_time": 1.7730286121368408,
    "std_time": 0.025631312718751024,
    "avg_memory": 829434538.6666666,
    "peak_memory": "829440000"
  }
}
