{
  "size_100": {
    "data_size": 100,
    "avg_time": 0.04116034507751465,
    "std_time": 0.0021452891912299497,
    "avg_memory": 205766656.0,
    "peak_memory": "205766656"
  },
  "size_500": {
    "data_size": 500,
    "avg_time": 0.0718843936920166,
    "std_time": 0.0037369729203858607,
    "avg_memory": 205449898.66666666,
    "peak_memory": "206946304"
  },
  "size_1000": {
    "data_size": 1000,
    "avg_time": 0.11437098185221355,
    "std_time": 0.0010355465061547091,
    "avg_memory": 205673813.33333334,
    "peak_memory": "206028800"
  },
  "size_5000": {
    "data_size": 5000,
    "avg_time": 0.4093921184539795,
    "std_time": 0.006117222127446485,
    "avg_memory": 232614570.66666666,
    "peak_memory": "235454464"
  },
  "size_10000": {
    "data_size": 10000,
    "avg_time": 0.7701814969380697,
    "std_time": 0.010927179190838746,
    "avg_memory": 276813141.3333333,
    "peak_memory": "279609344"
  }
}
